﻿<?xml version="1.0" encoding="utf-8"?><meta xmlns:xsi="http://www.w3.org/2001/XMLSchema-instance" xmlns:xsd="http://www.w3.org/2001/XMLSchema"><project id="6Zsk2iHNhXi" courseid="6VoVDvq8ZHE_course_id" thumburl="story_content/thumbnail.jpg" title="MATCHA TEA" datepublished="2024-12-07T14:02:34" version="1.0.0.0" flashdata="story_content/data.swf" html5data="mobile/data.json" mobiledata="mobile/data.gz" enabledownload="false" duration="About 61 minutes" totalaudio="3155493" totalvideo="426595"><description>Materi Pecahan Terasik</description><keywords /><slidemeta moniker="slide" monikerplural="slides" viewslides="29" slidecountdescription="29 slides" /><author name="triep" email="" website="" /><application name="Articulate Storyline" version="3.20.30234.0" xmlversion="4.0" /></project></meta>